,Annual Requirement,Average Unit Cost (Dollars),Lead Time (Weeks),ComboClass,AHP_Class,SAW_Class,VIKOR_Class,TOPSIS_Class,BWM_Class
0,9453,12.97519465063202,6,B,B,B,B,C,B
1,7838,5.80476086622787,8,C,C,B,C,B,C
2,5099,52.62329418175874,8,C,C,C,C,B,C
3,5158,3.603595110579281,5,B,B,A,C,B,B
4,3708,57.175470497561726,10,C,C,C,C,A,C
5,10525,14.58460749796761,8,C,C,B,C,C,B
6,7784,93.21889483193459,11,C,C,C,C,B,C
7,9249,60.405691723501796,11,C,C,C,C,C,C
8,12126,2.04,8,B,B,B,B,C,B
9,14565,2.04,8,B,B,B,B,C,B
10,4115,35.96783320548158,9,C,C,C,C,B,C
11,15887,43.90291529598086,8,C,C,C,C,C,C
12,22905,35.428474121741246,11,C,C,C,B,C,B
13,6731,10.631826294333774,8,C,C,B,C,B,C
14,6653,55.90080482649279,11,C,C,C,C,B,C
15,29387,56.680125308629464,6,A,A,B,A,C,A
16,3708,41.76908727165856,11,C,C,C,C,A,C
17,3792,63.878271495904286,11,C,C,C,C,A,C
18,7211,36.10212075173519,8,C,C,C,C,B,C
19,5755,53.36743651395837,6,C,C,C,C,B,C
20,8198,44.9703861403011,10,C,C,C,C,C,C
21,18517,67.18514351534874,12,C,C,C,C,C,C
22,15098,2.04,5,A,A,A,A,C,A
23,12586,2.04,5,A,A,A,B,C,A
24,3708,68.40710389947627,11,C,C,C,C,A,C
25,6946,2.04,8,C,C,B,C,B,C
26,10484,28.450309990747183,4,B,B,A,B,C,B
27,6959,87.3003235523818,9,C,C,C,C,B,C
28,6170,14.894126932700082,5,B,B,B,C,B,B
29,5367,40.32921885443568,5,C,C,B,C,B,C
30,11997,76.7647575683325,12,C,C,C,C,C,C
31,10133,27.70331828711027,8,C,C,C,C,C,C
32,5061,20.740209639550923,8,C,C,C,C,B,C
33,3708,20.837243724799016,7,C,C,C,C,A,C
34,3708,18.534117059529304,4,A,B,A,C,A,C
35,11169,51.03474748502131,6,C,C,C,C,C,C
36,21624,30.238320741086106,8,B,B,B,B,C,B
37,10072,13.463171720850113,8,C,C,B,C,C,B
38,5473,2.04,5,B,B,A,B,B,B
39,6090,8.710751363720231,4,B,B,A,B,B,B
40,10307,9.439560588915906,8,C,C,B,C,C,B
41,3708,52.445221661201806,8,C,C,C,C,A,C
42,17957,45.111675136252295,9,C,C,C,C,C,C
43,16733,13.611726448400553,5,A,A,A,A,C,A
44,11708,20.717061379567298,8,C,C,C,C,C,B
45,7147,2.04,12,C,C,C,C,B,C
46,5780,21.438123165321144,12,C,C,C,C,B,C
47,14304,63.180817315627166,12,C,C,C,C,C,C
48,15381,20.250589369619373,11,C,C,C,C,C,C
49,6563,39.87257653001839,13,C,C,C,C,B,C
50,4986,42.82550462596667,11,C,C,C,C,B,C
51,11679,51.174748185948445,11,C,C,C,C,C,C
52,9160,2.04,6,B,B,A,B,C,B
53,28615,2.04,8,A,A,A,A,C,A
54,13969,27.754077632345414,6,B,B,B,B,C,B
55,10728,12.78942986270232,8,C,C,B,C,C,B
56,9662,70.26903781783147,11,C,C,C,C,C,C
57,3708,65.72650386362302,11,C,C,C,C,A,C
58,13523,59.37272762534927,4,B,B,B,B,C,C
59,16028,36.658374865241775,8,C,B,C,C,C,B
60,20696,30.836931874709613,12,C,C,C,C,C,B
61,17224,42.16862050509387,8,C,B,C,C,C,B
62,8564,47.365780543368494,11,C,C,C,C,C,C
63,3708,55.20701499778836,11,C,C,C,C,A,C
64,18722,2.04,6,A,A,A,A,C,A
65,6475,2.3355925253862804,7,B,B,B,C,B,B
66,22735,78.34226782574497,11,C,C,C,C,C,C
67,15596,74.58886033055978,12,C,C,C,C,C,C
68,7040,71.37063426714619,12,C,C,C,C,B,C
69,21823,26.76097030319059,8,B,B,B,B,C,A
70,14465,68.33373014128483,5,C,B,C,C,C,C
71,4941,2.04,8,C,C,B,C,B,C
72,9379,74.5951888708581,10,C,C,C,C,C,C
73,12877,22.969955468297428,8,C,C,C,C,C,B
74,36154,35.180838807285596,7,A,A,B,A,C,A
75,8796,70.01565689079456,14,C,C,C,C,C,C
76,7840,71.53810449209232,11,C,C,C,C,B,C
77,12375,37.934215263263184,8,C,C,C,C,C,C
78,18736,110.26274771981578,12,C,C,C,C,C,C
79,12167,21.44261306872938,10,C,C,C,C,C,C
80,6360,34.40895476828149,6,C,C,B,C,B,C
81,9637,25.862449434527953,8,C,C,C,C,C,C
82,6945,22.052313475777556,8,C,C,C,C,B,C
83,6919,2.04,5,B,B,A,B,B,B
84,18133,2.04,8,B,B,B,B,C,A
85,6137,79.85042533052737,12,C,C,C,C,B,C
86,14780,69.75125553527332,13,C,C,C,C,C,C
87,3708,67.98441892277664,6,C,C,C,C,A,C
88,10400,2.04,6,B,B,A,B,C,B
89,14506,35.77847625845976,7,C,B,C,C,C,B
90,12176,119.91336385926687,11,C,C,C,C,C,C
91,8016,48.33558895833348,12,C,C,C,C,C,C
92,10019,22.387524079866694,8,C,C,C,C,C,C
93,20614,45.72201570813276,11,C,C,C,C,C,C
94,3708,6.185829068213268,6,B,B,B,C,A,C
95,18542,18.81078774612807,6,A,A,A,A,C,A
96,21709,80.32929055603866,7,C,B,C,C,C,C
97,6996,2.04,6,B,B,A,C,B,B
98,17222,2.04,7,A,A,A,A,C,A
99,5154,77.45435979729392,12,C,C,C,C,B,C
100,14177,81.71248696204347,7,C,C,C,C,C,C
101,13151,19.422671477206446,7,B,B,B,B,C,B
102,43601,2.04,10,A,A,A,A,C,A
103,18624,68.89181833783071,13,C,C,C,C,C,C
104,23788,53.463946693426735,6,A,A,B,A,C,B
105,10729,83.98195499010512,12,C,C,C,C,C,C
106,9849,2.04,4,A,A,A,B,C,A
107,4732,41.81581304326869,5,C,C,B,C,B,C
108,18745,30.58248906245806,8,B,B,C,B,C,B
109,31178,46.32643205871932,7,A,A,B,A,C,A
110,41434,59.35235311716086,4,A,A,A,A,C,A
111,25529,83.18478346486442,6,B,B,C,B,C,B
112,3708,52.06346603849262,8,C,C,C,C,A,C
113,6988,42.74491269516796,11,C,C,C,C,B,C
114,5808,54.34068542694899,11,C,C,C,C,B,C
115,26012,42.4975088074102,8,A,B,C,A,C,A
116,13492,15.185943993607479,8,B,B,B,B,C,B
117,13837,35.95151274930386,4,A,A,A,B,C,B
118,15372,47.42483914476189,5,B,B,B,B,C,B
119,8105,46.22313291834506,12,C,C,C,C,C,C
120,8781,65.85945015609937,10,C,C,C,C,C,C
121,8085,8.677460151874495,5,B,B,A,B,C,B
122,12407,4.362774686012052,5,A,A,A,B,C,A
123,25154,39.64002024998775,8,B,B,C,B,C,A
124,18813,8.787595212049188,6,A,A,A,A,C,A
125,25287,31.189905385204394,8,A,A,B,A,C,A
126,12166,71.952273125623,11,C,C,C,C,C,C
127,8305,26.632088337837157,6,C,B,B,C,C,C
128,19559,27.81673228036622,7,B,B,B,B,C,B
129,18251,2.04,4,A,A,A,A,C,A
130,7740,38.169275040908026,8,C,C,C,C,B,C
131,16094,50.10471226029189,6,B,B,B,B,C,B
132,12796,64.72420382056599,11,C,C,C,C,C,C
133,11905,19.752784323065203,8,C,C,B,C,C,B
134,21330,76.98119536711695,11,C,C,C,C,C,C
135,14476,75.83942749917429,8,C,C,C,C,C,C
136,8822,61.81954309202329,10,C,C,C,C,C,C
137,12205,66.961328015937,12,C,C,C,C,C,C
138,3708,63.75573946470329,12,C,C,C,C,A,C
139,7512,12.435459138519635,8,C,C,B,C,B,C
140,3708,12.658618464689848,8,C,C,C,C,A,C
141,4727,19.715758081523884,11,C,C,C,C,B,C
142,5933,45.2680398874205,5,C,C,B,C,B,C
143,6645,81.6772477806951,8,C,C,C,C,B,C
144,12390,5.336783657485634,8,B,B,B,B,C,B
145,13630,11.479311053411484,4,A,A,A,A,C,A
146,3708,25.011280822979888,9,C,C,C,C,A,C
147,15594,23.32377051806188,11,C,C,C,C,C,C
148,9150,40.836420868579324,8,C,C,C,C,C,C
149,13116,21.219061202441846,8,B,B,B,C,C,B
150,3708,81.82121238167973,10,C,C,C,C,A,C
151,6355,2.04,6,B,B,B,C,B,B
152,4815,33.95317910723058,12,C,C,C,C,B,C
153,15620,2.04,5,A,A,A,A,C,A
154,12025,36.019439881483805,5,B,B,B,B,C,B
155,39177,2.04,13,A,A,C,A,C,A
156,10806,73.57196884146067,8,C,C,C,C,C,C
157,11131,72.10043845499777,14,C,C,C,C,C,C
158,17861,2.3744076492083668,5,A,A,A,A,C,A
159,10243,26.889567812381642,5,B,B,B,B,C,B
160,3708,67.74201513827494,8,C,C,C,C,A,C
161,3927,13.126404516878543,6,C,C,B,C,A,C
162,37012,22.103506288402382,6,A,A,A,A,C,A
163,19042,102.41350963234215,12,C,C,C,C,C,C
164,14134,58.405639912598545,8,C,C,C,C,C,C
165,15862,2.04,6,A,A,A,A,C,A
166,4693,24.306098239475396,7,C,C,C,C,B,C
167,9628,7.37777764020197,5,B,B,A,B,C,B
168,6625,61.820367143538235,6,C,C,C,C,B,C
169,30958,53.46459396694841,6,A,A,B,A,C,A
170,7614,2.04,5,B,B,A,B,B,B
171,3708,9.560356593047617,8,C,C,C,C,A,C
172,8982,30.74899170154353,11,C,C,C,C,C,C
173,12529,14.694339557280482,8,B,B,B,C,C,B
174,15925,30.307591374439962,8,B,B,C,B,C,B
175,4053,50.12699844272491,6,C,C,C,C,B,C
176,18399,61.176809567607485,9,C,C,C,C,C,C
177,10087,19.599586771664903,10,C,C,C,C,C,C
178,25506,60.52410679969854,5,A,A,B,A,C,A
179,29862,2.04,6,A,A,A,A,C,A
180,3708,91.36827157631771,12,C,C,C,C,A,C
181,9580,12.34709166493081,4,A,A,A,B,C,B
182,3708,17.60007362522851,8,C,C,C,C,A,C
183,8362,2.04,5,B,B,A,B,C,B
184,9532,96.31938121456248,10,C,C,C,C,C,C
185,17625,42.09066910337393,8,C,B,C,C,C,B
186,83796,33.279714922957325,6,A,A,A,A,A,A
187,9430,94.95842683514684,12,C,C,C,C,C,C
188,4117,26.026945474973044,11,C,C,C,C,B,C
189,7327,12.836730759863823,4,B,B,A,B,B,B
190,5808,41.058869739884514,6,C,C,C,C,B,C
191,3857,2.04,8,C,C,B,C,A,C
192,19464,8.628870353079146,11,C,C,C,B,C,B
193,4623,2.04,6,B,B,B,C,B,B
194,8420,42.96194403594764,6,C,C,C,C,C,C
195,8404,48.45437582990251,8,C,C,C,C,C,C
196,9460,23.55318312304032,6,B,B,B,C,C,B
197,3938,47.92363769093428,8,C,C,C,C,A,C
198,14382,20.054424533091826,8,B,B,B,B,C,B
199,5465,2.3833486615830477,8,C,C,B,C,B,C
200,3708,34.961247253462304,11,C,C,C,C,A,C
201,8345,42.006640703397935,12,C,C,C,C,C,C
202,4598,85.5595103016156,10,C,C,C,C,B,C
203,3708,29.500033783929716,11,C,C,C,C,A,C
204,3708,9.371810170474024,8,C,C,C,C,A,C
205,13130,23.1444446650857,8,C,B,C,C,C,B
206,4352,48.190229003337976,11,C,C,C,C,B,C
207,3708,68.09076264472205,7,C,C,C,C,A,C
208,10402,2.04,7,B,B,B,B,C,B
209,5446,38.762777536323505,11,C,C,C,C,B,C
210,14279,38.60747977298726,8,C,C,C,C,C,C
211,9478,40.39249525470686,4,B,B,B,B,C,C
212,33856,78.11864018451529,9,B,B,C,B,C,B
213,17324,41.65366046794303,12,C,C,C,C,C,C
214,24683,19.414427145952757,8,A,A,B,A,C,A
215,17747,14.591230098186792,11,C,C,C,C,C,B
216,16725,21.47383249751231,5,A,A,A,A,C,A
217,17602,76.03485135877622,10,C,C,C,C,C,C
218,29408,109.62547823631935,13,C,C,C,C,C,C
219,19871,34.000533366471885,6,B,A,B,B,C,B
220,26129,47.51278994094326,11,C,C,C,B,C,B
221,6851,88.28987184199697,8,C,C,C,C,B,C
222,12244,88.48382023646101,5,C,C,C,C,C,C
223,7969,14.830350054267093,8,C,C,C,C,C,C
224,14782,87.7817399264031,12,C,C,C,C,C,C
225,10576,47.56870337188691,8,C,C,C,C,C,C
226,15104,2.04,5,A,A,A,A,C,A
227,7057,2.04,6,B,B,A,B,B,B
228,4387,63.432172588740784,10,C,C,C,C,B,C
229,9782,60.056987002851905,7,C,C,C,C,C,C
230,5922,30.977575858513095,8,C,C,C,C,B,C
231,3708,84.27480262229088,8,C,C,C,C,A,C
232,5740,2.04,7,B,C,B,C,B,B
233,22005,22.65921209615329,5,A,A,A,A,C,A
234,28284,54.50636919674362,11,C,C,C,B,C,B
235,3708,65.23659189917123,9,C,C,C,C,A,C
236,5926,62.04877576383835,12,C,C,C,C,B,C
237,8567,14.433722849459093,8,C,C,B,C,C,C
238,15291,27.811518360184944,8,C,B,C,C,C,B
239,3708,32.99903487035998,11,C,C,C,C,A,C
240,11284,13.467153787540513,8,B,B,B,C,C,B
241,10316,34.9347209473293,8,C,C,C,C,C,C
242,25634,28.350662352398743,10,B,B,C,B,C,A
243,9324,12.096490083463156,8,C,C,B,C,C,C
244,5065,52.86877916988013,6,C,C,C,C,B,C
245,15868,2.04,5,A,A,A,A,C,A
246,9432,9.68678207622113,8,C,C,B,C,C,B
247,4897,29.52865064130668,5,B,B,B,C,B,C
248,8227,2.1307506576423805,8,C,C,B,C,C,B
249,30997,34.71331492822466,7,A,A,B,A,C,A
250,4132,44.70349232377214,8,C,C,C,C,B,C
251,9583,2.04,4,A,A,A,B,C,A
252,9217,93.79906438222731,12,C,C,C,C,C,C
253,9512,25.485615369323618,8,C,C,C,C,C,C
254,4238,59.94771775053977,10,C,C,C,C,B,C
255,10655,19.669421389855227,10,C,C,C,C,C,C
256,8313,22.126051976617074,11,C,C,C,C,C,C
257,9394,28.384033106692474,6,C,B,B,C,C,C
258,3708,57.8548254495097,11,C,C,C,C,A,C
259,11427,83.54816127981853,11,C,C,C,C,C,C
260,9915,15.44110820781059,8,C,C,B,C,C,C
261,3708,55.828848218009504,11,C,C,C,C,A,C
262,29410,48.61588495830489,11,B,B,C,B,C,B
263,25163,55.59640630027302,6,A,A,B,A,C,B
264,7112,24.819971013357986,12,C,C,C,C,B,C
265,17320,60.44168600802931,11,C,C,C,C,C,C
266,5535,84.02738032985684,10,C,C,C,C,B,C
267,12181,28.786626759516754,8,C,C,C,C,C,C
268,3708,19.635386781799543,10,C,C,C,C,A,C
269,3708,47.23743554000804,12,C,C,C,C,A,C
270,10967,66.82002245226579,8,C,C,C,C,C,C
271,3708,47.38138668493589,5,C,C,C,C,A,C
272,10857,16.865943023113264,7,B,B,B,C,C,B
273,5761,19.665369387487594,6,C,C,B,C,B,C
274,4954,31.305010175682842,8,C,C,C,C,B,C
275,20170,23.135637253032815,8,B,B,B,B,C,B
276,9010,32.423971688530884,8,C,C,C,C,C,C
277,7622,30.109674314437314,8,C,C,C,C,B,C
278,10770,20.200586930449035,12,C,C,C,C,C,C
279,15855,2.04,5,A,A,A,A,C,A
280,9785,72.5663935720424,7,C,C,C,C,C,C
281,3708,3.7141346013653926,8,C,C,B,C,A,C
282,9365,27.638263157795706,12,C,C,C,C,C,C
283,9325,48.250973545694094,9,C,C,C,C,C,C
284,4150,12.260963066178242,8,C,C,C,C,B,C
285,8720,61.29230800029522,13,C,C,C,C,C,C
286,14520,2.04,6,A,A,A,B,C,A
287,3708,42.933735966601404,8,C,C,C,C,A,C
288,4913,38.44680031378135,8,C,C,C,C,B,C
289,9073,13.095460654165166,5,B,B,A,B,C,B
290,6353,2.04,5,B,B,A,B,B,B
291,7595,68.88173678964067,11,C,C,C,C,B,C
292,4673,50.37484965356057,5,C,C,C,C,B,C
293,12962,26.52778786234661,5,B,B,B,B,C,B
294,7675,2.04,4,B,A,A,B,B,B
295,6509,79.52576246169912,11,C,C,C,C,B,C
296,7248,33.0752564843246,6,C,C,B,C,B,C
297,34438,39.89030267215725,10,A,A,C,A,C,A
298,12378,44.22678256312398,4,B,B,B,B,C,B
299,4911,40.92612780861106,6,C,C,C,C,B,C
300,3708,44.45300091467482,10,C,C,C,C,A,C
301,5902,58.52462911818847,8,C,C,C,C,B,C
302,10161,44.81538949755892,13,C,C,C,C,C,C
303,10548,2.04,5,A,A,A,B,C,B
304,14997,59.602618194355685,6,C,B,C,C,C,C
305,15479,2.6021569361536248,5,A,A,A,A,C,A
306,7409,57.91696403650414,8,C,C,C,C,B,C
307,7452,10.867481323755571,6,B,B,B,C,B,B
308,25864,21.90715654416728,8,A,A,B,A,C,A
309,5529,57.701008300227066,12,C,C,C,C,B,C
310,19783,51.63571287677192,6,B,B,B,B,C,B
311,15105,37.29944648507262,6,B,B,B,B,C,B
312,32629,66.52104804550548,5,A,A,B,A,C,A
313,3841,57.46133285970065,8,C,C,C,C,A,C
314,7680,21.871631778269386,8,C,C,C,C,B,C
315,3708,29.552888638564983,4,B,B,B,C,A,C
316,22270,48.340987160311784,6,B,A,B,B,C,B
317,3708,53.06787551838356,8,C,C,C,C,A,C
318,26503,31.401265997843343,5,A,A,A,A,C,A
319,8744,2.04,6,B,B,A,B,C,B
320,30550,53.711496122337905,11,B,B,C,B,C,B
321,5809,88.6531471014541,11,C,C,C,C,B,C
322,27763,25.389727059727377,11,B,B,C,B,C,A
323,3708,82.0042231946238,11,C,C,C,C,A,C
324,32202,55.61767462078128,6,A,A,B,A,C,A
325,14338,56.96288813505394,6,C,B,C,C,C,C
326,3708,56.77289974517657,6,C,C,C,C,A,C
327,6175,19.611283205720326,8,C,C,C,C,B,C
328,35159,94.5570513844709,12,C,C,C,C,C,B
329,10912,40.818324618108136,8,C,C,C,C,C,C
330,23977,3.664451415617508,6,A,A,A,A,C,A
331,12459,29.237677125498585,8,C,C,C,C,C,C
332,11504,18.272869897881993,8,C,C,B,C,C,B
333,36161,37.34443081102094,14,B,B,C,B,C,A
334,8660,4.4028770411390035,5,B,B,A,B,C,B
335,4752,3.7207850579115256,4,B,B,A,B,B,B
336,29713,71.21952129997764,6,A,A,C,A,C,A
337,11319,54.0907569527862,9,C,C,C,C,C,C
338,3708,64.04837656133067,5,C,C,C,C,A,C
339,15686,23.64435585360072,5,A,A,A,B,C,B
340,4926,75.31888596911062,11,C,C,C,C,B,C
341,19055,22.591172649049618,5,A,A,A,A,C,A
342,7551,2.04,11,C,C,C,C,B,C
343,10387,74.94601641870753,11,C,C,C,C,C,C
344,10892,69.55197602167523,6,C,C,C,C,C,C
345,12972,31.733150100852242,5,B,B,B,B,C,B
346,11190,11.714486629906895,6,B,B,B,B,C,B
347,5687,22.508908100614477,7,C,C,B,C,B,C
348,34997,47.28555538282431,7,A,A,B,A,C,A
349,11907,55.54399871299109,8,C,C,C,C,C,C
350,5913,47.25183633420563,10,C,C,C,C,B,C
351,3708,2.04,4,B,B,A,B,A,B
352,12006,59.94260240479371,10,C,C,C,C,C,C
353,5981,41.374097590012965,4,B,B,B,C,B,C
354,7883,24.721841940332553,7,C,C,B,C,B,C
355,7106,13.022421155888352,10,C,C,C,C,B,C
356,15741,57.33283142023764,5,B,B,B,B,C,B
357,10079,20.019443485292104,8,C,C,C,C,C,C
358,13732,61.75843496407204,11,C,C,C,C,C,C
359,8096,56.28943611169007,11,C,C,C,C,C,C
360,8559,62.8839417392803,5,C,C,C,C,C,C
361,11783,82.49779820604617,10,C,C,C,C,C,C
362,3708,65.85118549577476,9,C,C,C,C,A,C
363,10029,26.44147214980044,6,B,B,B,C,C,B
364,3708,12.744820019371478,11,C,C,C,C,A,C
365,13825,7.992577387222681,6,B,B,A,B,C,B
366,19425,75.46999792226646,14,C,C,C,C,C,C
367,8539,59.45238460049934,12,C,C,C,C,C,C
368,9077,48.71749029551303,11,C,C,C,C,C,C
369,27608,46.229538591589375,6,A,A,B,A,C,A
370,4770,30.369185106256836,8,C,C,C,C,B,C
371,8747,63.163279944526245,5,C,C,C,C,C,C
372,10504,54.3112464535736,11,C,C,C,C,C,C
373,6426,35.52153674548714,5,B,B,B,C,B,C
374,6122,17.733320930002904,8,C,C,C,C,B,C
375,5924,38.44752547678823,8,C,C,C,C,B,C
376,14376,67.33700058490233,8,C,C,C,C,C,C
377,3708,106.37283585159605,12,C,C,C,C,A,C
378,7640,16.105798473113076,8,C,C,C,C,B,C
379,6449,2.7344696855347514,8,C,C,B,C,B,C
380,10252,44.536075089714345,11,C,C,C,C,C,C
381,6176,2.04,8,C,C,B,C,B,C
382,3764,49.797005087603964,9,C,C,C,C,A,C
383,7173,2.04,5,B,B,A,B,B,B
384,8195,46.107302122438114,6,C,C,C,C,C,C
385,5790,2.04,8,C,C,B,C,B,C
386,6015,43.392043701997416,11,C,C,C,C,B,C
387,7470,2.04,5,B,B,A,B,B,B
388,10843,66.06735919772832,10,C,C,C,C,C,C
389,7311,11.952325782957558,5,B,B,A,B,B,B
390,20175,64.73036604310334,6,B,B,C,B,C,B
391,9714,82.45506368194533,8,C,C,C,C,C,C
392,28629,33.950234448764505,8,A,A,B,A,C,A
393,3708,80.87248449513122,12,C,C,C,C,A,C
394,23411,33.22562507228618,6,A,A,B,A,C,A
395,7171,5.6682459409744474,8,C,C,B,C,B,C
396,8331,37.75390752252435,8,C,C,C,C,C,C
397,12918,24.390042158143192,8,C,C,C,C,C,B
398,18761,110.93501386743168,12,C,C,C,C,C,C
399,16451,65.39449799155464,11,C,C,C,C,C,C
400,6553,11.978681156088378,6,B,B,B,C,B,B
401,22794,72.79035245365583,12,C,C,C,C,C,C
402,6285,2.04,6,B,B,B,C,B,B
403,10078,7.804436279083893,8,B,B,B,C,C,B
404,6683,24.28062672664572,12,C,C,C,C,B,C
405,12326,61.692828532445645,12,C,C,C,C,C,C
406,14022,46.69253506957527,5,B,B,B,B,C,B
407,10092,60.31678434130823,6,C,C,C,C,C,C
408,3708,57.39905188285043,12,C,C,C,C,A,C
409,10477,61.37030975669299,10,C,C,C,C,C,C
410,13532,22.373020472049543,10,C,C,C,C,C,C
411,5371,73.44466400677067,8,C,C,C,C,B,C
412,14726,2.04,8,B,B,B,B,C,B
413,13451,2.04,6,A,A,A,B,C,A
414,9028,20.01030104760866,10,C,C,C,C,C,C
415,6504,6.913446717464774,8,C,C,B,C,B,C
416,37601,2.04,6,A,A,A,A,C,A
417,5269,7.122213587813878,7,C,C,B,C,B,C
418,7350,38.60427309599412,8,C,C,C,C,B,C
419,3708,47.74129529974748,7,C,C,C,C,A,C
420,9899,66.56393299885526,8,C,C,C,C,C,C
421,7388,18.876751716139804,6,B,B,B,C,B,C
422,14982,2.04,4,A,A,A,A,C,A
423,14064,23.263407888215447,8,C,B,C,C,C,B
424,5753,18.262857456330572,8,C,C,C,C,B,C
425,14596,12.905384199788815,7,B,B,B,B,C,B
426,3708,64.11437891136069,5,C,C,C,C,A,C
427,30653,81.44813637224087,5,A,A,B,A,C,A
428,25148,50.060377329838985,6,A,A,B,A,C,A
429,3708,19.61018134786414,11,C,C,C,C,A,C
430,14111,36.17313618889649,8,C,C,C,C,C,C
431,10295,11.4127551043515,7,B,B,B,C,C,B
432,3708,44.05271331434428,5,C,C,B,C,A,C
433,5576,77.44610587782012,8,C,C,C,C,B,C
434,3708,56.661009153190044,6,C,C,C,C,A,C
435,3708,83.6728833116589,11,C,C,C,C,A,C
436,5071,2.04,5,B,B,A,B,B,B
437,18674,2.04,7,A,A,A,A,C,A
438,9212,29.25971551897741,12,C,C,C,C,C,C
439,16657,73.90349166600316,11,C,C,C,C,C,C
440,14760,2.04,6,A,A,A,A,C,A
441,12790,21.41199732660023,8,C,B,C,C,C,B
442,27642,66.24869631061749,13,C,C,C,C,C,C
443,4521,77.66226099532435,12,C,C,C,C,B,C
444,14544,19.932234112701344,8,B,B,B,B,C,B
445,3708,81.84811219856884,10,C,C,C,C,A,C
446,19390,28.23259766077002,12,C,C,C,C,C,B
447,4675,7.8538851831488685,11,C,C,C,C,B,C
448,11197,81.63563231725976,11,C,C,C,C,C,C
449,27314,28.281039001306606,8,A,A,B,A,C,A
450,9108,3.3576143258857876,5,B,B,A,B,C,B
451,8845,34.710960633096406,6,C,C,B,C,C,C
452,10831,8.929091846863601,7,B,B,B,B,C,B
453,18769,39.06819664433061,11,C,C,C,C,C,C
454,12190,31.218664337983917,6,B,B,B,B,C,B
455,9978,79.55038063191256,12,C,C,C,C,C,C
456,11548,10.071930880382315,8,B,B,B,C,C,B
457,22150,11.651739654879393,6,A,A,A,A,C,A
458,5800,19.119476280883166,8,C,C,C,C,B,C
459,9782,31.39505598914251,5,B,B,B,C,C,B
460,21239,13.611714423073632,6,A,A,A,A,C,A
461,13557,40.24510263209659,8,C,C,C,C,C,C
462,16944,69.0057639411901,6,C,B,C,C,C,C
463,9456,36.66637494236567,9,C,C,C,C,C,C
464,3708,54.86590290355237,6,C,C,C,C,A,C
465,10795,64.51853741178932,6,C,C,C,C,C,C
466,5745,71.83787705943476,11,C,C,C,C,B,C
467,4882,43.89860502653388,8,C,C,C,C,B,C
468,27831,59.36562739054137,8,B,B,C,B,C,B
469,5222,61.75843078625139,8,C,C,C,C,B,C
470,11838,15.347572886899776,8,B,B,B,C,C,B
471,9664,100.5855944541052,8,C,C,C,C,C,C
472,7272,66.03320426105574,11,C,C,C,C,B,C
473,7976,31.355483612837414,5,C,B,B,C,C,C
474,6866,50.770264699034016,6,C,C,C,C,B,C
475,11394,8.729356857568694,10,C,C,C,C,C,C
476,12118,36.092389469873964,8,C,C,C,C,C,C
477,26244,69.94434370662658,12,C,C,C,C,C,C
478,3708,7.322575791515636,5,A,B,A,C,A,B
479,16117,2.04,5,A,A,A,A,C,A
480,12841,43.236423071186195,7,C,C,C,C,C,C
481,7799,4.607917967625761,5,B,B,A,B,B,B
482,26794,99.54680510926465,10,C,C,C,C,C,C
483,7114,19.59822789732761,8,C,C,C,C,B,C
484,8987,2.378132133893935,8,B,B,B,C,C,B
485,5703,2.04,6,B,B,B,C,B,B
486,7213,9.361302089852389,8,C,C,B,C,B,C
487,17807,73.27455547992773,7,C,C,C,C,C,C
488,19494,16.967757262811606,8,B,B,B,B,C,A
489,6314,42.66533901627026,8,C,C,C,C,B,C
490,3921,70.63047045535023,8,C,C,C,C,A,C
491,19068,41.7315480512096,8,B,B,C,B,C,B
492,5471,30.445660296156916,10,C,C,C,C,B,C
493,4231,72.28743792102883,6,C,C,C,C,B,C
494,33949,50.792566105918446,5,A,A,A,A,C,A
495,3708,34.18924001869189,6,C,C,C,C,A,C
496,21216,8.691555028183473,7,A,A,A,A,C,A
497,7170,94.71707153253055,7,C,C,C,C,B,C
498,21568,57.93265695053359,11,C,C,C,C,C,C
499,22831,32.49014148145005,5,A,A,A,A,C,A
500,22321,28.81644233164307,12,C,C,C,C,C,B
501,3708,10.800760384114966,5,B,B,B,C,A,C
502,5572,28.29010651078238,8,C,C,C,C,B,C
503,5152,81.98476250845859,12,C,C,C,C,B,C
504,54105,23.299964259662534,6,A,A,A,A,A,A
505,11434,36.184928830554966,6,C,B,B,C,C,C
506,9749,103.25316125201257,6,C,C,C,C,C,C
507,7187,75.95904138049528,13,C,C,C,C,B,C
508,11531,64.37220809381263,12,C,C,C,C,C,C
509,10085,32.54368450458774,7,C,C,C,C,C,C
510,13207,75.15627090613071,11,C,C,C,C,C,C
511,14471,2.04,5,A,A,A,A,C,A
512,3708,76.29654653302386,11,C,C,C,C,A,C
513,3952,29.59815596671589,8,C,C,C,C,B,C
514,26683,76.79148220701654,11,C,C,C,C,C,C
515,8303,63.115511295664305,8,C,C,C,C,C,C
516,8821,65.09868578322946,6,C,C,C,C,C,C
517,8145,2.04,4,A,A,A,B,C,B
518,3708,102.65334509047449,11,C,C,C,C,A,C
519,28686,92.98366128377441,13,C,C,C,C,C,C
520,24183,60.78126994820546,11,C,C,C,C,C,C
521,6731,42.617615950209675,11,C,C,C,C,B,C
522,13616,57.70399777557146,8,C,C,C,C,C,C
523,22497,31.097374716563895,11,C,C,C,B,C,B
524,8593,89.20564670100788,12,C,C,C,C,C,C
525,3708,30.89916319822381,8,C,C,C,C,A,C
526,13963,23.889733877865226,8,C,B,C,C,C,B
527,5574,11.75161754696857,11,C,C,C,C,B,C
528,22510,71.98096443684456,12,C,C,C,C,C,C
529,3708,77.5352775979365,8,C,C,C,C,A,C
530,15407,2.04,4,A,A,A,A,C,A
531,7260,3.6597922456258587,6,B,B,B,C,B,B
532,3708,69.44906925191444,11,C,C,C,C,A,C
533,21578,54.404395531056764,7,B,B,C,B,C,B
534,5758,60.97372318624262,7,C,C,C,C,B,C
535,11286,25.055716769347516,8,C,C,C,C,C,C
536,6276,40.88511738150701,4,B,B,B,C,B,C
537,3708,80.20250172046761,12,C,C,C,C,A,C
538,10756,39.99273565676901,12,C,C,C,C,C,C
539,23678,37.92265332605055,11,C,C,C,B,C,B
540,3708,11.25183106047282,5,B,B,B,C,A,C
541,10101,65.73376877620775,6,C,C,C,C,C,C
542,10297,61.57219688827097,6,C,C,C,C,C,C
543,4505,60.983848240951254,10,C,C,C,C,B,C
544,3708,37.25065685845401,7,C,C,C,C,A,C
545,4392,94.11107311456908,12,C,C,C,C,B,C
546,12721,31.06382427670282,8,C,C,C,C,C,C
547,10211,20.66539104924112,10,C,C,C,C,C,C
548,11840,71.69958145285047,10,C,C,C,C,C,C
549,13596,2.04,4,A,A,A,A,C,A
550,7864,37.597090951886486,8,C,C,C,C,B,C
551,13011,7.439579140555562,5,A,A,A,B,C,A
552,5928,59.14847594012369,5,C,C,C,C,B,C
553,10058,20.692058502137982,6,B,B,B,C,C,B
554,13081,61.85715531624308,11,C,C,C,C,C,C
555,6781,72.73396663914936,11,C,C,C,C,B,C
556,9347,48.42640940548441,11,C,C,C,C,C,C
557,7020,9.492913654959839,7,C,C,B,C,B,C
558,8734,2.04,5,B,B,A,B,C,B
559,8657,2.04,5,B,B,A,B,C,B
560,3708,90.73900525617265,8,C,C,C,C,A,C
561,13266,5.794635585978158,8,B,B,B,B,C,B
562,10826,17.951511502401974,8,C,C,B,C,C,B
563,13297,18.738378282966128,8,B,B,B,C,C,B
564,7959,56.14152539154205,9,C,C,C,C,C,C
565,13497,68.5908284772129,7,C,C,C,C,C,C
566,6605,21.888158572702604,12,C,C,C,C,B,C
567,4712,54.173181829179924,6,C,C,C,C,B,C
568,9758,6.149313206126958,8,B,B,B,C,C,B
569,4587,7.54023750078934,12,C,C,C,C,B,C
570,6186,67.22700317984297,6,C,C,C,C,B,C
571,11444,60.17532314310812,8,C,C,C,C,C,C
572,3708,40.53577210550071,8,C,C,C,C,A,C
573,27100,64.27744805686393,8,B,B,C,B,C,B
574,6720,74.01366889010689,11,C,C,C,C,B,C
575,5684,19.855266448907095,8,C,C,C,C,B,C
576,26326,50.27259390924708,8,B,B,C,B,C,B
577,22709,2.04,5,A,A,A,A,C,A
578,15223,47.6040005626665,6,B,B,B,B,C,B
579,4325,75.16838788611389,10,C,C,C,C,B,C
580,11196,26.429353435173624,8,C,C,C,C,C,C
581,19808,48.43559448487024,11,C,C,C,C,C,C
582,3717,85.8195989268751,8,C,C,C,C,A,C
583,15557,21.07754560402369,5,A,A,A,B,C,B
584,7953,90.49064271310019,10,C,C,C,C,B,C
585,9011,86.46673664058329,11,C,C,C,C,C,C
586,27057,73.46107779390815,11,C,C,C,C,C,C
587,3708,84.60490728505148,7,C,C,C,C,A,C
588,13967,82.82491656822951,8,C,C,C,C,C,C
589,23804,38.76654404830063,11,C,C,C,B,C,B
590,30126,78.60608350682884,5,A,A,B,A,C,A
591,9533,2.04,8,B,B,B,C,C,B
592,3708,59.94843624146009,5,C,C,C,C,A,C
593,15888,57.68894341339121,13,C,C,C,C,C,C
594,17018,50.153448707629366,6,B,B,B,B,C,B
595,3708,79.3179794888555,12,C,C,C,C,A,C
596,5407,73.54379272149288,10,C,C,C,C,B,C
597,8416,43.72791631990609,7,C,C,C,C,C,C
598,5139,15.64732792229989,9,C,C,C,C,B,C
599,8683,41.52029609032499,9,C,C,C,C,C,C
600,16302,91.01413775109837,8,C,C,C,C,C,C
601,11658,28.416223390813016,6,B,B,B,B,C,B
602,5974,59.56495881315887,12,C,C,C,C,B,C
603,8502,35.94282913145216,13,C,C,C,C,C,C
604,6408,25.25043976624749,6,C,C,B,C,B,C
605,4294,44.8266702242815,5,C,C,B,C,B,C
606,15105,10.45829392871956,7,B,B,B,B,C,B
607,4687,87.45514831254094,8,C,C,C,C,B,C
608,9784,33.59170934578431,8,C,C,C,C,C,C
609,23902,51.15049144592038,8,B,B,C,B,C,B
610,7155,17.306109831398242,8,C,C,C,C,B,C
611,8882,32.22237301589627,8,C,C,C,C,C,C
612,11539,9.255730287652213,10,C,C,C,C,C,C
613,14424,2.849641618490123,11,C,C,C,C,C,B
614,6352,52.78210513954936,11,C,C,C,C,B,C
615,3708,33.94978200643732,11,C,C,C,C,A,C
616,26942,74.88047429478006,13,C,C,C,C,C,C
617,3839,65.66453400405256,10,C,C,C,C,A,C
618,9903,18.40338919103441,8,C,C,C,C,C,C
619,4159,48.44677493866807,10,C,C,C,C,B,C
620,12635,2.04,8,B,B,B,B,C,B
621,3708,20.713760384722583,8,C,C,C,C,A,C
622,24518,75.96437936844235,12,C,C,C,C,C,C
623,16627,2.04,7,A,A,A,B,C,A
624,12393,29.88693145179127,10,C,C,C,C,C,C
625,3708,61.642468538981326,8,C,C,C,C,A,C
626,19350,16.780693735083073,8,B,B,B,B,C,A
627,14565,29.334515712928628,8,C,B,C,C,C,B
628,9455,11.440717851303582,11,C,C,C,C,C,C
629,19092,2.04,4,A,A,A,A,C,A
630,6372,2.04,8,C,C,B,C,B,C
631,7590,13.817468375768888,6,B,B,B,C,B,B
632,20531,19.473370423976718,7,A,A,B,A,C,A
633,11556,57.99858876484173,12,C,C,C,C,C,C
634,17316,47.08231747194294,11,C,C,C,C,C,C
635,14559,25.090176603018147,9,C,C,C,C,C,B
636,37226,98.32856797037314,13,C,C,C,C,C,C
637,3708,7.318357737852978,8,C,C,B,C,A,C
638,6919,38.91963904679869,14,C,C,C,C,B,C
639,13938,10.90458470094893,5,A,A,A,B,C,A
640,6838,13.16113386703838,5,B,B,A,B,B,B
641,11686,12.466922877822697,12,C,C,C,C,C,C
642,14801,14.277843163915609,11,C,C,C,C,C,B
643,7838,61.154110735947185,9,C,C,C,C,B,C
644,7553,90.70289406441925,11,C,C,C,C,B,C
645,3708,48.84234089124989,11,C,C,C,C,A,C
646,15410,73.21017656042227,11,C,C,C,C,C,C
647,12364,23.444105500576324,8,C,C,C,C,C,B
648,9623,29.07148210274572,6,C,B,B,C,C,C
649,13175,9.333022157591358,5,A,A,A,B,C,A
650,9425,19.029917003980355,8,C,C,C,C,C,C
651,7527,63.48484722052064,10,C,C,C,C,B,C
652,28351,17.991111829561646,13,B,B,C,B,C,A
653,5199,78.10471239304974,11,C,C,C,C,B,C
654,3708,70.46128247344348,8,C,C,C,C,A,C
655,3708,2.04,5,A,B,A,C,A,B
656,22129,22.936003890304562,5,A,A,A,A,C,A
657,6437,2.04,8,C,C,B,C,B,C
658,20332,84.48282089189316,10,C,C,C,C,C,C
659,7540,47.80372661795011,7,C,C,C,C,B,C
660,34524,52.85309871164708,6,A,A,B,A,C,A
661,20603,91.85106441710337,5,C,B,C,B,C,C
662,10860,2.04,6,B,B,A,B,C,B
663,8033,2.04,5,B,B,A,B,C,B
664,19857,39.321393105679,6,B,B,B,B,C,B
665,10418,50.51996425508991,11,C,C,C,C,C,C
666,17591,43.74172393296275,5,B,B,B,B,C,B
667,13436,6.920246641120698,8,B,B,B,B,C,B
668,15841,54.898538817843914,12,C,C,C,C,C,C
669,32271,3.255953312295567,8,A,A,A,A,C,A
670,20932,22.036193899046012,12,C,C,C,C,C,B
671,9479,2.04,5,B,B,A,B,C,B
672,5666,50.03274188797266,8,C,C,C,C,B,C
673,11637,28.263730637486162,6,B,B,B,B,C,B
674,10442,26.909523633549345,8,C,C,C,C,C,C
675,7899,2.04,7,B,B,B,C,B,B
676,6352,51.00010890198806,8,C,C,C,C,B,C
677,5317,42.09617484494311,6,C,C,C,C,B,C
678,12027,57.81470143780761,10,C,C,C,C,C,C
679,16890,62.45395173500053,12,C,C,C,C,C,C
680,26713,72.8488833874151,6,B,B,C,A,C,B
681,12153,16.48783500650714,8,B,B,B,C,C,B
682,3776,50.786061113939354,8,C,C,C,C,A,C
683,10240,2.04,8,B,B,B,C,C,B
684,8460,25.86836120101082,11,C,C,C,C,C,C
685,6051,19.070220270098794,11,C,C,C,C,B,C
686,3708,51.53289320591881,10,C,C,C,C,A,C
687,4783,63.79661150767456,11,C,C,C,C,B,C
688,9188,34.58933939007725,5,C,B,B,C,C,C
689,9832,11.191084338206023,7,B,B,B,C,C,B
690,9615,55.20812991087718,11,C,C,C,C,C,C
691,3708,73.68983972599247,10,C,C,C,C,A,C
692,5566,2.04,6,B,B,B,C,B,B
693,9872,29.684753552539526,6,C,B,B,C,C,C
694,22444,2.04,8,A,A,B,A,C,A
695,13218,38.596606795654125,5,B,B,B,B,C,B
696,9429,2.04,5,B,B,A,B,C,B
697,14679,13.673557377494948,5,A,A,A,A,C,A
698,17687,58.9976799498826,6,B,B,C,B,C,B
699,22740,32.971313743688356,8,B,B,B,B,C,B
700,5949,32.15371469973795,8,C,C,C,C,B,C
701,5615,2.04,7,B,C,B,C,B,B
702,31370,10.70497477277991,12,A,B,C,A,C,A
703,7788,7.976081835751717,4,B,A,A,B,B,B
704,6898,9.596706759163416,5,B,B,A,B,B,B
705,3708,60.80258134006189,8,C,C,C,C,A,C
706,11789,2.04,5,A,A,A,B,C,A
707,5027,8.895679632832747,13,C,C,C,C,B,C
708,23299,40.78456994768672,11,C,C,C,C,C,B
709,28305,26.9240656771901,7,A,A,B,A,C,A
710,25844,89.54770497095095,11,C,C,C,C,C,C
711,17836,60.225505472362926,5,B,B,B,B,C,B
712,27220,65.87087203220642,5,A,A,B,A,C,A
713,8611,25.785611257859664,8,C,C,C,C,C,C
714,3708,48.4608495530897,12,C,C,C,C,A,C
715,5326,16.35633808659876,5,B,B,B,C,B,C
716,14036,14.102764425846459,5,A,A,A,B,C,A
717,24957,63.80739240009843,13,C,C,C,C,C,C
718,3708,43.14574399636257,10,C,C,C,C,A,C
719,3708,53.298968013709185,11,C,C,C,C,A,C
720,10818,2.04,4,A,A,A,A,C,A
721,9984,29.935869327487993,9,C,C,C,C,C,C
722,6097,59.53959617884797,12,C,C,C,C,B,C
723,8050,9.896990892081071,6,B,B,B,C,C,B
724,18490,32.02146330223431,8,B,B,C,B,C,B
725,9968,14.060742158158504,6,B,B,B,B,C,B
726,14126,17.742032488754376,8,B,B,B,B,C,B
727,17091,13.01777171886836,6,A,A,A,A,C,A
728,10091,15.30000379275888,4,A,A,A,B,C,B
729,21439,2.04,6,A,A,A,A,C,A
730,3708,40.79957689128438,6,C,C,C,C,A,C
731,3708,77.64152290343776,8,C,C,C,C,A,C
732,26838,97.62187193104891,13,C,C,C,C,C,C
733,9674,18.151798233579857,6,B,B,B,C,C,B
734,19108,7.1434323265458985,4,A,A,A,A,C,A
735,3708,25.325645866844102,8,C,C,C,C,A,C
736,8483,75.63698051561961,13,C,C,C,C,C,C
737,6573,12.364618770796206,8,C,C,C,C,B,C
738,3708,52.26356386862182,8,C,C,C,C,A,C
739,10729,67.6904846005813,13,C,C,C,C,C,C
740,10626,85.72514708325319,12,C,C,C,C,C,C
741,12677,6.133405058498941,8,B,B,B,B,C,B
742,14215,14.519853250279063,4,A,A,A,A,C,A
743,4425,20.453143075173244,8,C,C,C,C,B,C
744,9348,32.71442979555451,4,B,B,B,B,C,B
745,8460,22.290810583777834,5,B,B,B,B,C,B
746,12177,28.78061240770497,6,B,B,B,B,C,B
747,10777,19.84405168745228,12,C,C,C,C,C,C
748,17371,63.780997354764324,8,C,C,C,C,C,C
749,8075,15.988499627449636,6,B,B,B,C,C,B
750,13087,72.63743606339119,10,C,C,C,C,C,C
751,4420,50.376717400937046,12,C,C,C,C,B,C
752,3708,11.291044376459006,8,C,C,C,C,A,C
753,20227,85.09956937162421,13,C,C,C,C,C,C
754,10159,2.04,4,A,A,A,B,C,A
755,4119,23.85122649742364,8,C,C,C,C,B,C
756,22947,26.59808570114057,8,B,B,B,B,C,A
757,5661,15.46314076282111,4,B,B,A,B,B,B
758,7711,26.34239304942961,10,C,C,C,C,B,C
759,28380,67.93101445649405,6,A,A,B,A,C,A
760,18208,67.68127350836942,8,C,C,C,C,C,C
761,17219,73.17014068835684,5,C,B,C,B,C,C
762,20620,35.0866455647937,11,C,C,C,C,C,B
763,14283,10.633906884786008,4,A,A,A,A,C,A
764,3708,49.917155940182866,7,C,C,C,C,A,C
765,4040,60.29392062032112,11,C,C,C,C,B,C
766,4513,3.963295584682749,10,C,C,C,C,B,C
767,3708,57.202372390937185,11,C,C,C,C,A,C
768,26058,75.21252015860375,13,C,C,C,C,C,C
769,3708,58.66924108066582,11,C,C,C,C,A,C
770,10824,10.920483004884113,8,B,B,B,C,C,B
771,16065,52.19132090211765,8,C,C,C,C,C,C
772,4887,6.1149589211379,11,C,C,C,C,B,C
773,24285,33.08937084879648,7,A,A,B,A,C,A
774,3708,41.8906176730773,5,C,C,B,C,A,C
775,14095,19.45993490455796,8,B,B,B,B,C,B
776,7638,70.23178253935752,8,C,C,C,C,B,C
777,17033,55.817118252883056,9,C,C,C,C,C,C
778,20727,59.903207965743654,7,B,B,C,B,C,B
779,17206,6.737761194349915,7,A,A,B,B,C,A
780,23217,81.10047714790181,12,C,C,C,C,C,C
781,10544,55.99986784219615,7,C,C,C,C,C,C
782,3708,60.51533837119039,11,C,C,C,C,A,C
783,3708,68.74983398133641,11,C,C,C,C,A,C
784,4798,65.45930513837621,11,C,C,C,C,B,C
785,6291,59.503023870204814,8,C,C,C,C,B,C
786,11623,50.6715364487267,5,C,B,B,C,C,C
787,19781,17.043503578308943,8,B,B,B,B,C,A
788,8937,51.07142498972185,5,C,C,B,C,C,C
789,9255,41.85834564124707,6,C,C,C,C,C,C
790,4169,50.998770856005166,4,C,C,B,C,B,C
791,7517,60.75611081590326,13,C,C,C,C,B,C
792,16295,67.17414406474889,12,C,C,C,C,C,C
793,4550,42.07863041054861,12,C,C,C,C,B,C
794,21359,87.49149292540399,7,C,C,C,C,C,C
795,5097,61.69487737031303,10,C,C,C,C,B,C
796,5286,22.72767337557206,8,C,C,C,C,B,C
797,8411,9.902705155198294,5,B,B,A,B,C,B
798,26352,23.44592416039501,8,A,A,B,A,C,A
799,20601,35.823662338547074,10,C,C,C,C,C,B
800,8659,15.892975323498506,8,C,C,C,C,C,C
801,17155,3.1439202376396356,8,B,B,B,B,C,A
802,5740,2.04,10,C,C,C,C,B,C
803,13402,28.031754307743185,4,A,A,A,B,C,B
804,12300,71.91067979254078,11,C,C,C,C,C,C
805,3708,2.04,6,B,B,B,C,A,C
806,13912,2.04,9,B,B,B,B,C,B
807,26781,56.544930218360236,6,A,A,B,A,C,A
808,16956,23.571553219384732,8,B,B,B,B,C,B
809,20343,64.00443637521889,13,C,C,C,C,C,C
810,3708,13.113903116268329,5,B,B,B,C,A,C
811,28807,6.140462362123026,6,A,A,A,A,C,A
812,3708,43.78098105587791,12,C,C,C,C,A,C
813,3708,56.95002402433502,9,C,C,C,C,A,C
814,13013,22.117547619809823,7,B,B,B,B,C,B
815,3861,29.052285155158444,6,C,C,B,C,A,C
816,3972,6.9412192475091015,4,B,B,A,B,B,B
817,6843,17.247545871936307,4,B,B,A,B,B,B
818,6212,52.87387931330723,8,C,C,C,C,B,C
819,21466,2.04,7,A,A,A,A,C,A
820,8765,42.07960378312933,8,C,C,C,C,C,C
821,23788,63.57005541697448,10,C,C,C,C,C,C
822,9872,13.994989238577423,8,C,C,B,C,C,C
823,5715,42.004318775118314,12,C,C,C,C,B,C
824,11085,55.212952728793496,7,C,C,C,C,C,C
825,12104,25.592290516441444,10,C,C,C,C,C,C
826,8044,73.17112985727306,11,C,C,C,C,C,C
827,3708,58.914227128394266,9,C,C,C,C,A,C
828,19071,14.242653752332156,6,A,A,A,A,C,A
829,16011,35.71917961776765,7,B,B,B,B,C,B
830,9959,20.667251159884703,8,C,C,C,C,C,C
831,5630,50.08680723889842,9,C,C,C,C,B,C
832,23571,83.12444731576542,7,C,B,C,B,C,C
833,29620,31.378557747794453,7,A,A,B,A,C,A
834,3708,74.84669176414948,7,C,C,C,C,A,C
835,6707,64.00658405909104,9,C,C,C,C,B,C
836,6657,70.76295761869643,12,C,C,C,C,B,C
837,3708,67.36519256980534,11,C,C,C,C,A,C
838,14296,51.008382648969295,13,C,C,C,C,C,C
839,11003,61.86231157405011,11,C,C,C,C,C,C
840,3708,38.913266676128444,5,C,C,B,C,A,C
841,3708,2.04,5,A,B,A,C,A,B
842,8243,18.88354822255109,5,B,B,B,B,C,B
843,39460,82.12032383322821,6,A,A,B,A,C,A
844,5884,47.65065404293838,9,C,C,C,C,B,C
845,14336,7.741596228653897,8,B,B,B,B,C,B
846,3708,4.327075832926212,6,B,B,B,C,A,C
847,3717,77.85382613598617,10,C,C,C,C,A,C
848,14692,82.82582332927015,8,C,C,C,C,C,C
849,5459,2.04,5,B,B,A,B,B,B
850,13645,50.69374669865765,11,C,C,C,C,C,C
851,30793,30.254998737247792,6,A,A,A,A,C,A
852,21523,24.926614173223356,6,A,A,B,A,C,A
853,10778,64.30699865526111,8,C,C,C,C,C,C
854,13925,37.4317196235895,7,C,B,C,C,C,B
855,3708,41.5986157482981,11,C,C,C,C,A,C
856,4807,81.93201334223357,10,C,C,C,C,B,C
857,28277,18.631777085119346,8,A,A,B,A,C,A
858,9734,24.48229120865998,5,B,B,B,B,C,B
859,10432,5.370761594890693,8,B,B,B,C,C,B
860,15292,50.746585535039266,12,C,C,C,C,C,C
861,11461,53.583514794235995,5,C,B,B,C,C,C
862,13603,80.85428083630052,13,C,C,C,C,C,C
863,5821,24.158624375427515,12,C,C,C,C,B,C
864,7870,57.16775341047554,11,C,C,C,C,B,C
865,3708,60.094353161009295,7,C,C,C,C,A,C
866,8491,40.88345645169869,6,C,C,C,C,C,C
867,12410,67.45471782356563,11,C,C,C,C,C,C
868,27359,17.493429548070313,8,A,A,B,A,C,A
869,15155,9.027054643999822,8,B,B,B,B,C,B
870,9455,62.244445724680986,4,C,B,B,C,C,C
871,3708,2.04,6,B,B,B,C,A,C
872,9016,42.208802806634665,10,C,C,C,C,C,C
873,12683,17.179496363202624,8,B,B,B,C,C,B
874,3708,26.878897428283267,8,C,C,C,C,A,C
875,3708,44.82898367069049,5,C,C,C,C,A,C
876,10791,71.47313166430362,5,C,C,C,C,C,C
877,15670,33.343677840694944,5,B,B,B,B,C,B
878,7839,36.25652947331483,13,C,C,C,C,B,C
879,5714,2.04,5,B,B,A,B,B,B
880,3708,62.48548738992751,6,C,C,C,C,A,C
881,21073,86.47561147858343,11,C,C,C,C,C,C
882,3708,56.236128199069356,6,C,C,C,C,A,C
883,10746,47.73103852532027,8,C,C,C,C,C,C
884,7421,7.754102527772178,8,C,C,B,C,B,C
885,16066,36.63479637305231,11,C,C,C,C,C,C
886,4530,4.981075943502853,8,C,C,B,C,B,C
887,8591,19.143616314907906,8,C,C,C,C,C,C
888,5180,6.935330725666301,8,C,C,B,C,B,C
889,6992,35.86134874621328,8,C,C,C,C,B,C
890,21522,58.33838434152021,12,C,C,C,C,C,C
891,9062,38.34500888834465,7,C,C,C,C,C,C
892,17205,8.732431637250881,5,A,A,A,A,C,A
893,14007,13.299562471537705,5,A,A,A,B,C,A
894,18698,53.456155435566984,5,B,B,B,B,C,B
895,3708,25.932362803359847,5,C,C,B,C,A,C
896,14236,29.828234377482,5,B,B,B,B,C,B
897,3708,61.150539815837966,11,C,C,C,C,A,C
898,3708,34.87822117916518,5,C,C,B,C,A,C
899,4671,58.739826498423504,8,C,C,C,C,B,C
900,9200,60.9426684461874,4,C,B,B,C,C,C
901,4490,41.42417964970298,12,C,C,C,C,B,C
902,9575,24.665166643437082,5,B,B,B,B,C,B
903,3843,11.549522697666971,8,C,C,C,C,A,C
904,7729,73.68880931172373,8,C,C,C,C,B,C
905,20697,58.684624829730126,6,B,B,C,B,C,B
906,20721,82.33890593723532,14,C,C,C,C,C,C
907,7131,79.45990315119552,11,C,C,C,C,B,C
908,23348,2.04,6,A,A,A,A,C,A
909,14948,44.45589422217555,11,C,C,C,C,C,C
910,20606,20.740385281279128,4,A,A,A,A,C,A
911,10906,38.781893075297894,7,C,C,C,C,C,C
912,8304,68.29339933900948,8,C,C,C,C,C,C
913,12959,93.16412598381206,12,C,C,C,C,C,C
914,6966,2.04,5,B,B,A,B,B,B
915,10025,63.103740581818556,11,C,C,C,C,C,C
916,9304,57.72710096701758,6,C,C,C,C,C,C
917,12229,33.73340209206099,8,C,C,C,C,C,C
918,13005,2.04,6,A,A,A,B,C,A
919,5200,2.04,4,B,B,A,B,B,B
920,3708,19.827700126953637,8,C,C,C,C,A,C
921,35396,3.685097285797081,8,A,A,A,A,C,A
922,6051,17.765432327203264,8,C,C,C,C,B,C
923,12463,45.80267660782519,11,C,C,C,C,C,C
924,9673,80.36246489604675,12,C,C,C,C,C,C
925,8794,72.18131464840316,11,C,C,C,C,C,C
926,11864,4.229040852511442,6,B,B,A,B,C,B
927,8932,2.04,5,B,B,A,B,C,B
928,6019,64.1610493023002,10,C,C,C,C,B,C
929,30596,97.2303020444584,10,C,C,C,C,C,C
930,7055,2.04,7,B,B,B,C,B,B
931,39754,24.072093468737176,13,A,A,C,A,C,A
932,10449,7.164231269846351,8,B,B,B,C,C,B
933,8601,9.536874766092726,8,C,C,B,C,C,C
934,10290,80.9999135817442,8,C,C,C,C,C,C
935,6321,91.71586257110805,12,C,C,C,C,B,C
936,7984,49.43592324037627,10,C,C,C,C,C,C
937,5350,77.32525940012535,11,C,C,C,C,B,C
938,24360,24.38109055363323,8,A,A,B,A,C,A
939,10905,24.07174986978051,8,C,C,C,C,C,C
940,9220,9.005822299861098,5,B,B,A,B,C,B
941,21437,63.460359773964065,8,C,B,C,B,C,C
942,10895,2.04,8,B,B,B,C,C,B
943,7948,19.10500465233485,8,C,C,C,C,B,C
944,20028,65.56164252129861,11,C,C,C,C,C,C
945,13961,7.508611670297398,7,B,B,B,B,C,B
946,16800,20.794573292507415,8,B,B,B,B,C,B
947,13235,32.918025420677935,11,C,C,C,C,C,C
948,13346,49.34450738399592,8,C,C,C,C,C,C
949,13577,20.061553075042227,8,B,B,B,C,C,B
950,13386,75.77176928962143,11,C,C,C,C,C,C
951,6575,16.872596446960593,8,C,C,C,C,B,C
952,9776,40.94125303783346,8,C,C,C,C,C,C
953,12401,30.44042701200575,8,C,C,C,C,C,C
954,16793,2.04,4,A,A,A,A,C,A
955,10811,44.9485830874205,8,C,C,C,C,C,C
956,21653,40.42158903265879,6,A,A,B,A,C,B
957,13337,20.283942099223548,8,B,B,B,C,C,B
958,10109,21.427314733690437,6,B,B,B,C,C,B
959,6710,87.52086359214591,11,C,C,C,C,B,C
960,21217,45.68493175982008,7,B,B,C,B,C,B
961,15361,10.73703973483512,12,C,C,C,C,C,B
962,6320,34.5080766610652,10,C,C,C,C,B,C
963,19821,55.16596206741122,12,C,C,C,C,C,C
964,5687,86.14826260212276,10,C,C,C,C,B,C
965,11134,31.475529290092794,7,C,C,C,C,C,C
966,20589,83.2178908741559,12,C,C,C,C,C,C
967,32114,67.73950845678159,12,C,C,C,B,C,B
968,12999,24.412632237248456,8,C,C,C,C,C,B
969,8667,52.82044391785315,8,C,C,C,C,C,C
970,7016,54.70196984171643,9,C,C,C,C,B,C
971,8163,42.79630956849596,11,C,C,C,C,C,C
972,10298,2.04,7,B,B,B,B,C,B
973,3708,11.523411668309238,8,C,C,C,C,A,C
974,12960,19.276107325049676,8,B,B,B,C,C,B
975,3708,95.50592196142858,8,C,C,C,C,A,C
976,7038,8.140696699356935,8,C,C,B,C,B,C
977,11682,12.724685025686185,8,B,B,B,C,C,B
978,3708,56.50245463837026,11,C,C,C,C,A,C
979,3708,44.19919176703769,5,C,C,C,C,A,C
980,9327,30.652512556391898,10,C,C,C,C,C,C
981,11847,5.287215123551977,9,C,C,B,C,C,B
982,23696,42.2404236518986,6,A,A,B,A,C,A
983,26495,64.63898203711675,7,B,B,C,B,C,B
984,4283,44.37010762277019,10,C,C,C,C,B,C
985,28616,29.067234202484254,5,A,A,A,A,C,A
986,5011,103.04130424429013,11,C,C,C,C,B,C
987,11439,2.04,5,A,A,A,B,C,A
988,23381,71.03843674419474,6,B,B,C,B,C,B
989,6910,24.723487495204736,10,C,C,C,C,B,C
990,13726,81.37843288067988,13,C,C,C,C,C,C
991,7873,6.882041723634657,4,B,A,A,B,B,B
992,29759,20.407631507032868,12,B,B,C,B,C,A
993,8329,44.95926430048169,10,C,C,C,C,C,C
994,10954,42.07303499098697,10,C,C,C,C,C,C
995,8109,7.941587161563625,6,B,B,B,B,C,B
996,7564,3.3230812315984686,6,B,B,A,B,B,B
997,9321,69.98544232564306,11,C,C,C,C,C,C
998,3708,6.264914690823126,9,C,C,C,C,A,C
999,21281,49.4481251609641,7,B,B,C,B,C,B
